{"cameraMode":{"drawMode":0,"name":"Shaded","section":"Shading Mode"},"sceneLighting":true,"audioPlay":false,"sceneViewState":{"showFog":true,"showMaterialUpdate":true,"showSkybox":true,"showFlares":true,"showImageEffects":true,"showParticleSystems":true},"in2DMode":false,"pivot":{"x":-0.5406717658042908,"y":1.6726348400115967,"z":-1.2096869945526124},"rotation":{"x":0.3101540505886078,"y":-0.6476808190345764,"z":0.32728075981140139,"w":0.6143607497215271},"size":4.0111165046691898,"orthographic":false}